[
{
"ShapeId": 1,
"TrackerId": 20,
"ShapeType": "Line",
"ShapeDimensions": [200, 75, 289, 88],
"PenColor": "red",
"PenWidth": 3,
"PenStyle": "DashLine",
"PenCapStyle": "RoundCap",
"PenJoinStyle": "BevelJoin"
},
{
"ShapeId": 2,
"TrackerId": 2,
"ShapeType": "Polyline",
"ShapeDimensions": [651, 666, 681, 626, 701, 706],
"PenColor": "green",
"PenWidth": 4,
"PenStyle": "SolidLine",
"PenCapStyle": "FlatCap",
"PenJoinStyle": "MiterJoin"
},
{
"ShapeId": 3,
"TrackerId": 3,
"ShapeType": "Polygon",
"ShapeDimensions": [300, 300, 350, 250, 400, 300],
"PenColor": "blue",
"PenWidth": 5,
"PenStyle": "DotLine",
"PenCapStyle": "FlatCap",
"PenJoinStyle": "MiterJoin",
"BrushColor": "yellow",
"BrushStyle": "SolidPattern"
},
{
"ShapeId": 4,
"TrackerId": 4,
"ShapeType": "Rectangle",
"ShapeDimensions": [400, 400, 150, 100],
"PenColor": "blue",
"PenWidth": 2,
"PenStyle": "DashDotLine",
"PenCapStyle": "RoundCap",
"PenJoinStyle": "RoundJoin",
"BrushColor": "cyan",
"BrushStyle": "HorPattern"
},
{
"ShapeId": 5,
"TrackerId": 5,
"ShapeType": "Square",
"ShapeDimensions": [500, 500, 80],
"PenColor": "black",
"PenWidth": 1,
"PenStyle": "SolidLine",
"PenCapStyle": "RoundCap",
"PenJoinStyle": "RoundJoin",
"BrushColor": "magenta",
"BrushStyle": "VerPattern"
},
{
"ShapeId": 6,
"TrackerId": 6,
"ShapeType": "Ellipse",
"ShapeDimensions": [200, 200, 100, 60],
"PenColor": "black",
"PenWidth": 6,
"PenStyle": "DashDotDotLine",
"PenCapStyle": "FlatCap",
"PenJoinStyle": "MiterJoin",
"BrushColor": "green",
"BrushStyle": "SolidPattern"
},
{
"ShapeId": 7,
"TrackerId": 7,
"ShapeType": "Circle",
"ShapeDimensions": [300, 300, 90],
"PenColor": "black",
"PenWidth": 8,
"PenStyle": "SolidLine",
"PenCapStyle": "FlatCap",
"PenJoinStyle": "MiterJoin",
"BrushColor": "red",
"BrushStyle": "Dense1Pattern"
},
{
"ShapeId": 8,
"TrackerId": 8,
"ShapeType": "Text",
"ShapeDimensions": [660, 409, 300, 40],
"TextString": "ALPHAWOLVES",
"TextPointSize": 14,
"TextColor": "blue",
"TextAlignment": "AlignCenter",
"TextFontFamily": "Arial",
"TextFontStyle": "StyleNormal",
"TextFontWeight": "Bold"
},
{
"ShapeId": 3,
"TrackerId": 9,
"ShapeType": "Polygon",
"ShapeDimensions": [363, 67, 413, 17, 463, 67],
"PenColor": "yellow",
"PenWidth": 2,
"PenStyle": "SolidLine",
"PenCapStyle": "FlatCap",
"PenJoinStyle": "MiterJoin",
"BrushColor": "darkGray",
"BrushStyle": "Dense1Pattern"
},
{
"ShapeId": 4,
"TrackerId": 10,
"ShapeType": "Rectangle",
"ShapeDimensions": [64, 544, 200, 100],
"PenColor": "gray",
"PenWidth": 5,
"PenStyle": "DashLine",
"PenCapStyle": "RoundCap",
"PenJoinStyle": "RoundJoin",
"BrushColor": "black",
"BrushStyle": "NoBrush"
},
{
"ShapeId": 5,
"TrackerId": 11,
"ShapeType": "Square",
"ShapeDimensions": [418, 93, 50],
"PenColor": "red",
"PenWidth": 2,
"PenStyle": "DotLine",
"PenCapStyle": "FlatCap",
"PenJoinStyle": "RoundJoin",
"BrushColor": "blue",
"BrushStyle": "DiagCrossPattern"
},
{
"ShapeId": 6,
"TrackerId": 12,
"ShapeType": "Ellipse",
"ShapeDimensions": [600, 200, 120, 80],
"PenColor": "green",
"PenWidth": 3,
"PenStyle": "DashLine",
"PenCapStyle": "FlatCap",
"PenJoinStyle": "BevelJoin",
"BrushColor": "white",
"BrushStyle": "Dense1Pattern"
},
{
"ShapeId": 2,
"TrackerId": 14,
"ShapeType": "Polyline",
"ShapeDimensions": [20, 30, 40, 50, 60, 70],
"PenColor": "lightGray",
"PenWidth": 2,
"PenStyle": "SolidLine",
"PenCapStyle": "RoundCap",
"PenJoinStyle": "MiterJoin"
},
{
"ShapeId": 7,
"TrackerId": 15,
"ShapeType": "Circle",
"ShapeDimensions": [841, 634, 60],
"PenColor": "green",
"PenWidth": 1,
"PenStyle": "SolidLine",
"PenCapStyle": "FlatCap",
"PenJoinStyle": "BevelJoin",
"BrushColor": "yellow",
"BrushStyle": "HorPattern"
},
{
"ShapeId": 8,
"TrackerId": 16,
"ShapeType": "Text",
"ShapeDimensions": [667, 387, 400, 30],
"TextString": "TEAM",
"TextPointSize": 12,
"TextColor": "black",
"TextAlignment": "AlignLeft",
"TextFontFamily": "Courier",
"TextFontStyle": "StyleItalic",
"TextFontWeight": "Normal"
},
{
"ShapeId": 6,
"TrackerId": 17,
"ShapeType": "Ellipse",
"ShapeDimensions": [849, 187, 90, 45],
"PenColor": "cyan",
"PenWidth": 3,
"PenStyle": "DotLine",
"PenCapStyle": "FlatCap",
"PenJoinStyle": "MiterJoin",
"BrushColor": "blue",
"BrushStyle": "Dense1Pattern"
},
{
"ShapeId": 3,
"TrackerId": 18,
"ShapeType": "Polygon",
"ShapeDimensions": [700, 100, 750, 50, 800, 100],
"PenColor": "black",
"PenWidth": 2,
"PenStyle": "DashDotLine",
"PenCapStyle": "FlatCap",
"PenJoinStyle": "MiterJoin",
"BrushColor": "gray",
"BrushStyle": "CrossPattern"
},
{
"ShapeId": 4,
"TrackerId": 19,
"ShapeType": "Rectangle",
"ShapeDimensions": [290, 631, 100, 200],
"PenColor": "white",
"PenWidth": 3,
"PenStyle": "SolidLine",
"PenCapStyle": "RoundCap",
"PenJoinStyle": "RoundJoin",
"BrushColor": "blue",
"BrushStyle": "Dense1Pattern"
},
{
"ShapeId": 5,
"TrackerId": 20,
"ShapeType": "Square",
"ShapeDimensions": [488, 682, 120],
"PenColor": "black",
"PenWidth": 4,
"PenStyle": "DashLine",
"PenCapStyle": "RoundCap",
"PenJoinStyle": "RoundJoin",
"BrushColor": "red",
"BrushStyle": "SolidPattern"
}
]
