[
  {
    "username": "alice",
    "password": "Wonderland1!",
    "admin": true
  },
  {
    "username": "bob",
    "password": "Builder#22",
    "admin": false
  },
  {
    "username": "carol",
    "password": "C@rol2025",
    "admin": true
  },
  {
    "username": "dave",
    "password": "davE_pw_3",
    "admin": false
  },
  {
    "username": "eve",
    "password": "3v3_secret",
    "admin": true
  },
  {
    "username": "frank",
    "password": "FrankPass4",
    "admin": false
  },
  {
    "username": "grace",
    "password": "Gr@ceful5",
    "admin": false
  },
  {
    "username": "heidi",
    "password": "heidi-6pwd",
    "admin": true
  },
  {
    "username": "ivan",
    "password": "Ivan_pw7",
    "admin": false
  },
  {
    "username": "judy",
    "password": "JuDy!2025",
    "admin": false
  },
  {
    "username": "g",
    "password": "g",
    "admin": false
  },
  {
    "username": "test123",
    "password": "test123",
    "admin": false
  },
  {
    "username": "admin",
    "password": "admin",
    "admin": true
  }
]